[
    {
        "taskIndex": 0,
        "requirementIndex": 1,
        "requirementVersionIndex": 1,
        "specifications": {
            "instructions": "Decrypt the following message in all lowercase, with no punctuation, with spaces, and encode into bytes using UTF-8.\nStarry night up in the sky\nDipper overlay the darkness high\nJoy for every star that’s born\nThe warm lights I much adorn\nAre we alone or mano a mano\nSpace seems as our quiet soprano\nTracing out the path in the constellation\nWill ensure elation, and reveals\nMuch more than hidden galaxies\nWill fragile humans ever learn our fallacies\nThere may be a greater message",
            "encryptedSolution": "solution.enc",
            "decryptedSolution": "solution.txt"
        }
    }
]